Wavelength (nm),Current (A)
1400,0.0014476704000000002
1450,0.0014499520000000002
1500,0.0009877952000000001
1550,0.0014477456000000003
1600,0.0014427776000000003
