Wavelength (nm),Current (A)
1400,0.0004027248
1450,0.00040286719999999996
1500,0.0002713440000000001
1550,0.0004025584
1600,0.00040166720000000004
