Wavelength (nm),Current (A)
1400,7.752159999999999e-05
1450,7.79264e-05
1500,5.3582399999999984e-05
1550,7.863359999999998e-05
1600,7.70704e-05
