Wavelength (nm),Current (A)
1400,7.342400000000002e-06
1450,8.713600000000002e-06
1500,7.824000000000002e-06
1550,8.401600000000001e-06
1600,8.9024e-06
