Wavelength (nm),Current (A)
1400,7.4576e-06
1450,7.960000000000002e-06
1500,6.673600000000001e-06
1550,7.601600000000001e-06
1600,7.596800000000002e-06
