Wavelength (nm),Current (A)
1400,7.819200000000001e-06
1450,7.696e-06
1500,6.694400000000002e-06
1550,8.104e-06
1600,7.763200000000002e-06
