Wavelength (nm),Current (A)
1400,7.996800000000001e-06
1450,8.350400000000002e-06
1500,7.084800000000001e-06
1550,8.331200000000002e-06
1600,7.934400000000001e-06
