Wavelength (nm),Current (A)
1400,7.976000000000001e-06
1450,7.3872e-06
1500,7.534400000000002e-06
1550,8.020800000000001e-06
1600,7.630400000000002e-06
