Wavelength (nm),Current (A)
1400,7.236800000000001e-06
1450,7.884800000000001e-06
1500,7.006400000000001e-06
1550,8.176000000000001e-06
1600,7.849600000000002e-06
