Wavelength (nm),Current (A)
1400,7.817600000000001e-06
1450,7.433600000000001e-06
1500,7.7728e-06
1550,7.1904000000000015e-06
1600,6.937600000000001e-06
