Wavelength (nm),Current (A)
1400,8.496000000000001e-06
1450,7.72e-06
1500,7.072e-06
1550,8.116800000000002e-06
1600,7.841600000000001e-06
