Wavelength (nm),Current (A)
1400,7.676800000000002e-06
1450,7.2208e-06
1500,7.227200000000002e-06
1550,7.190400000000002e-06
1600,7.070400000000002e-06
