Wavelength (nm),Current (A)
1400,7.457600000000001e-06
1450,7.732800000000002e-06
1500,6.88e-06
1550,6.934400000000002e-06
1600,7.251200000000002e-06
