Wavelength (nm),Current (A)
1400,6.7040000000000005e-06
1450,7.0784000000000015e-06
1500,6.700800000000001e-06
1550,7.702400000000001e-06
1600,7.528000000000001e-06
