Wavelength (nm),Current (A)
1400,7.224000000000001e-06
1450,7.064000000000001e-06
1500,6.4560000000000005e-06
1550,7.281600000000001e-06
1600,7.190400000000002e-06
