Wavelength (nm),Current (A)
1400,7.155200000000002e-06
1450,7.5248e-06
1500,7.214400000000002e-06
1550,7.9824e-06
1600,6.976000000000001e-06
