Wavelength (nm),Current (A)
1400,7.782400000000002e-06
1450,7.8784e-06
1500,6.144000000000002e-06
1550,6.728000000000002e-06
1600,7.556800000000001e-06
