Wavelength (nm),Current (A)
1400,7.2672000000000005e-06
1450,6.860800000000001e-06
1500,6.2512e-06
1550,7.3264000000000015e-06
1600,6.985600000000002e-06
