Wavelength (nm),Current (A)
1400,6.4032e-06
1450,7.5104e-06
1500,6.771200000000001e-06
1550,7.094400000000002e-06
1600,6.891200000000001e-06
