Wavelength (nm),Current (A)
1400,6.7552e-06
1450,6.646400000000001e-06
1500,5.880000000000001e-06
1550,6.606400000000002e-06
1600,6.8048000000000005e-06
