Wavelength (nm),Current (A)
1400,6.563200000000001e-06
1450,7.310400000000002e-06
1500,7.1552000000000005e-06
1550,6.9872000000000015e-06
1600,6.992000000000001e-06
