Wavelength (nm),Current (A)
1400,6.859200000000001e-06
1450,7.1232e-06
1500,6.2368e-06
1550,6.382400000000002e-06
1600,6.416e-06
