Wavelength (nm),Current (A)
1400,7.284800000000001e-06
1450,6.729600000000001e-06
1500,5.667200000000001e-06
1550,6.491200000000001e-06
1600,6.491200000000002e-06
