Wavelength (nm),Current (A)
1400,2.9091199999999997e-05
1450,2.97936e-05
1500,2.26064e-05
1550,3.0297600000000003e-05
1600,2.94128e-05
