Wavelength (nm),Current (A)
1400,2.3598399999999998e-05
1450,2.33888e-05
1500,1.6857599999999996e-05
1550,2.3438399999999992e-05
1600,2.38064e-05
