Wavelength (nm),Current (A)
1400,7.494400000000001e-06
1450,6.763200000000001e-06
1500,7.038400000000002e-06
1550,6.2544e-06
1600,6.449600000000001e-06
