Wavelength (nm),Current (A)
1400,6.494400000000002e-06
1450,6.3424e-06
1500,5.920000000000001e-06
1550,6.712e-06
1600,6.228800000000002e-06
