Wavelength (nm),Current (A)
1400,6.0015999999999994e-06
1450,5.692800000000002e-06
1500,6.115200000000002e-06
1550,6.088000000000001e-06
1600,6.552000000000001e-06
