Wavelength (nm),Current (A)
1400,7.296000000000001e-06
1450,6.8400000000000014e-06
1500,7.001600000000001e-06
1550,7.665600000000002e-06
1600,5.990400000000001e-06
