Wavelength (nm),Current (A)
1400,6.9088000000000015e-06
1450,6.928e-06
1500,5.9776e-06
1550,7.3040000000000016e-06
1600,7.1456000000000015e-06
