Wavelength (nm),Current (A)
1400,6.3312000000000005e-06
1450,6.968000000000002e-06
1500,7.0608e-06
1550,7.489600000000001e-06
1600,7.380800000000002e-06
