Wavelength (nm),Current (A)
1400,7.7648e-06
1450,6.697600000000002e-06
1500,7.350400000000001e-06
1550,7.8976e-06
1600,7.283200000000001e-06
