Wavelength (nm),Current (A)
1400,7.2128000000000015e-06
1450,7.350400000000002e-06
1500,6.177600000000002e-06
1550,6.9648000000000015e-06
1600,6.5888e-06
