Wavelength (nm),Current (A)
1400,8.011200000000002e-06
1450,8.937599999999999e-06
1500,7.950400000000003e-06
1550,8.649600000000001e-06
1600,9.016000000000003e-06
