Wavelength (nm),Current (A)
1400,8.070400000000002e-06
1450,7.659200000000001e-06
1500,7.569600000000001e-06
1550,8.259200000000002e-06
1600,7.4384000000000015e-06
