Wavelength (nm),Current (A)
1400,1.1656e-05
1450,1.08624e-05
1500,1.0376e-05
1550,1.2112e-05
1600,1.10784e-05
