Wavelength (nm),Current (A)
1400,8.561600000000003e-06
1450,8.302400000000002e-06
1500,8.3616e-06
1550,9.512e-06
1600,8.8032e-06
