Wavelength (nm),Current (A)
1400,1.6931199999999998e-05
1450,1.7628799999999993e-05
1500,5.972159999999999e-05
1550,1.7455999999999993e-05
1600,1.8449599999999997e-05
