Wavelength (nm),Current (A)
1400,1.27616e-05
1450,1.3998399999999998e-05
1500,1.2815999999999999e-05
1550,1.2734399999999998e-05
1600,1.2673600000000002e-05
