Wavelength (nm),Current (A)
1400,0.0006432512
1450,0.0006394463999999999
1500,0.0005894048
1550,0.0006403280000000001
1600,0.0006443871999999999
