Wavelength (nm),Current (A)
1400,0.0001289776
1450,0.0001277488
1500,0.0002787200000000001
1550,0.00012866240000000004
1600,0.0001292912
