Wavelength (nm),Current (A)
1400,0.0008481999999999998
1450,0.0008465408
1500,0.0003969808
1550,0.0008501311999999998
1600,0.0008508463999999999
