Wavelength (nm),Current (A)
1400,0.00039347520000000013
1450,0.00039467360000000005
1500,0.00010956959999999998
1550,0.00039378720000000006
1600,0.00039408000000000005
