Wavelength (nm),Current (A)
1400,7.020479999999997e-05
1450,6.924959999999999e-05
1500,1.8292799999999995e-05
1550,7.082079999999999e-05
1600,7.064319999999998e-05
