Wavelength (nm),Current (A)
1400,9.68e-06
1450,1.03376e-05
1500,4.8736e-06
1550,1.0188799999999998e-05
1600,1.0243200000000002e-05
