Wavelength (nm),Current (A)
1400,1.8243199999999995e-05
1450,1.9295999999999996e-05
1500,1.3676799999999996e-05
1550,1.89472e-05
1600,1.8908799999999994e-05
