Wavelength (nm),Current (A)
1400,1.03872e-05
1450,9.8048e-06
1500,8.060800000000003e-06
1550,1.0185600000000001e-05
1600,9.5248e-06
