Wavelength (nm),Current (A)
1400,-3.395200000000001e-06
1450,4.9168e-06
1500,4.000000000000001e-08
1550,5.542400000000001e-06
1600,4.6896e-06
