Wavelength (nm),Current (A)
1400,6.584000000000001e-06
1450,7.348800000000001e-06
1500,6.819200000000002e-06
1550,7.368000000000002e-06
1600,6.912000000000001e-06
