Wavelength (nm),Current (A)
1400,7.9856e-06
1450,7.872e-06
1500,7.572800000000001e-06
1550,8.1408e-06
1600,7.684800000000001e-06
