Wavelength (nm),Current (A)
1400,1.2339199999999999e-05
1450,1.2016e-05
1500,1.01296e-05
1550,1.1935999999999997e-05
1600,1.2369599999999998e-05
