Wavelength (nm),Current (A)
1400,1.09968e-05
1450,1.16128e-05
1500,9.2592e-06
1550,1.0827199999999999e-05
1600,1.1595199999999999e-05
