Wavelength (nm),Current (A)
1400,1.1630399999999998e-05
1450,1.1003199999999998e-05
1500,9.6928e-06
1550,1.0963199999999999e-05
1600,1.1200000000000001e-05
