Wavelength (nm),Current (A)
1400,1.0928e-05
1450,1.13152e-05
1500,8.7552e-06
1550,1.0068800000000001e-05
1600,1.1081599999999999e-05
