Wavelength (nm),Current (A)
1400,9.0816e-06
1450,8.400000000000001e-06
1500,8.267200000000001e-06
1550,8.2256e-06
1600,9.2592e-06
