Wavelength (nm),Current (A)
1400,8.876800000000001e-06
1450,9.0512e-06
1500,8.401600000000001e-06
1550,9.011200000000001e-06
1600,8.7776e-06
