Wavelength (nm),Current (A)
1400,8.64e-06
1450,7.748800000000001e-06
1500,7.420800000000001e-06
1550,7.736e-06
1600,8.334400000000001e-06
