Wavelength (nm),Current (A)
1400,8.635200000000002e-06
1450,7.745600000000001e-06
1500,6.660800000000002e-06
1550,8.316800000000001e-06
1600,7.580800000000002e-06
