Wavelength (nm),Current (A)
1400,8.672000000000003e-06
1450,7.696000000000002e-06
1500,7.534400000000002e-06
1550,8.239999999999999e-06
1600,8.379200000000001e-06
