Wavelength (nm),Current (A)
1400,0.002326515200000001
1450,0.0023256736
1500,0.0015396928000000001
1550,0.0023238320000000005
1600,0.002330513600000001
