Wavelength (nm),Current (A)
1400,0.0013099776000000001
1450,0.0013050240000000001
1500,0.000844
1550,0.0013065088000000003
1600,0.001300024
