Wavelength (nm),Current (A)
1400,0.0002816128000000001
1450,0.00028191520000000005
1500,0.00018124479999999998
1550,0.00028111840000000004
1600,0.0002813088000000001
