Wavelength (nm),Current (A)
1400,4.324960000000002e-05
1450,4.260320000000001e-05
1500,3.08448e-05
1550,4.37408e-05
1600,4.215680000000001e-05
