Wavelength (nm),Current (A)
1400,8.128000000000002e-06
1450,7.6576e-06
1500,7.0112000000000024e-06
1550,7.1904000000000015e-06
1600,7.478400000000002e-06
