Wavelength (nm),Current (A)
1400,7.648000000000002e-06
1450,8.1952e-06
1500,6.8144e-06
1550,7.848000000000002e-06
1600,7.8096e-06
