Wavelength (nm),Current (A)
1400,7.928000000000003e-06
1450,7.6688e-06
1500,6.6496000000000015e-06
1550,6.5360000000000015e-06
1600,7.451200000000002e-06
