Wavelength (nm),Current (A)
1400,7.515200000000001e-06
1450,8.145600000000002e-06
1500,6.579200000000002e-06
1550,6.731200000000002e-06
1600,6.630400000000002e-06
