Wavelength (nm),Current (A)
1400,7.291200000000001e-06
1450,6.428800000000002e-06
1500,7.4335999999999994e-06
1550,7.502400000000001e-06
1600,6.8031999999999995e-06
