Wavelength (nm),Current (A)
1400,7.126400000000002e-06
1450,7.627200000000001e-06
1500,6.9696e-06
1550,7.276800000000002e-06
1600,7.412800000000001e-06
