Wavelength (nm),Current (A)
1400,6.835200000000002e-06
1450,7.324800000000002e-06
1500,5.966400000000001e-06
1550,7.032000000000001e-06
1600,6.7040000000000005e-06
