Wavelength (nm),Current (A)
1400,6.8624000000000006e-06
1450,7.0384e-06
1500,6.396800000000001e-06
1550,7.534400000000002e-06
1600,6.984000000000002e-06
