Wavelength (nm),Current (A)
1400,6.2880000000000015e-06
1450,7.406400000000001e-06
1500,7.131200000000001e-06
1550,6.726400000000001e-06
1600,6.865600000000001e-06
