Wavelength (nm),Current (A)
1400,7.278400000000001e-06
1450,7.051200000000001e-06
1500,7.091200000000001e-06
1550,7.219200000000003e-06
1600,7.7568e-06
