Wavelength (nm),Current (A)
1400,6.088000000000001e-06
1450,6.600000000000001e-06
1500,7.009600000000001e-06
1550,7.110400000000001e-06
1600,7.390400000000001e-06
