Wavelength (nm),Current (A)
1400,6.854400000000001e-06
1450,6.9536000000000015e-06
1500,6.166400000000001e-06
1550,7.1152e-06
1600,7.352e-06
