Wavelength (nm),Current (A)
1400,7.147200000000002e-06
1450,6.979200000000001e-06
1500,6.803200000000001e-06
1550,7.656000000000003e-06
1600,7.486400000000002e-06
