Wavelength (nm),Current (A)
1400,7.1360000000000025e-06
1450,6.873600000000001e-06
1500,6.488000000000001e-06
1550,7.1920000000000025e-06
1600,8.0016e-06
