Wavelength (nm),Current (A)
1400,7.360000000000001e-06
1450,7.494400000000001e-06
1500,5.852800000000002e-06
1550,6.348800000000001e-06
1600,6.064000000000001e-06
