Wavelength (nm),Current (A)
1400,6.1744000000000005e-06
1450,6.080000000000001e-06
1500,6.958400000000001e-06
1550,6.259200000000001e-06
1600,7.046400000000002e-06
