Wavelength (nm),Current (A)
1400,7.382400000000001e-06
1450,6.779200000000001e-06
1500,6.524800000000001e-06
1550,6.427200000000001e-06
1600,6.5008000000000005e-06
