Wavelength (nm),Current (A)
1400,6.6304e-06
1450,7.174400000000002e-06
1500,6.584000000000002e-06
1550,7.137600000000001e-06
1600,6.0816e-06
