Wavelength (nm),Current (A)
1400,7.198400000000001e-06
1450,6.857600000000001e-06
1500,6.484800000000002e-06
1550,6.939200000000001e-06
1600,6.268800000000001e-06
