Wavelength (nm),Current (A)
1400,6.9008e-06
1450,6.745600000000002e-06
1500,5.961600000000002e-06
1550,6.307200000000002e-06
1600,6.227200000000001e-06
