Wavelength (nm),Current (A)
1400,3.2132800000000005e-05
1450,3.262560000000001e-05
1500,2.3502399999999994e-05
1550,3.21536e-05
1600,3.2336e-05
