Wavelength (nm),Current (A)
1400,2.49088e-05
1450,2.46752e-05
1500,1.76592e-05
1550,2.4887999999999993e-05
1600,2.5863999999999995e-05
