Wavelength (nm),Current (A)
1400,6.062400000000001e-06
1450,5.139200000000001e-06
1500,4.9008000000000014e-06
1550,6.099200000000001e-06
1600,5.988800000000001e-06
