Wavelength (nm),Current (A)
1400,5.396800000000001e-06
1450,5.7056e-06
1500,4.668800000000001e-06
1550,5.697600000000001e-06
1600,5.822400000000001e-06
