Wavelength (nm),Current (A)
1400,5.348800000000002e-06
1450,5.625600000000002e-06
1500,4.4816000000000004e-06
1550,6.116800000000002e-06
1600,5.084800000000002e-06
