Wavelength (nm),Current (A)
1400,5.392000000000001e-06
1450,5.529600000000001e-06
1500,5.664000000000001e-06
1550,5.608000000000001e-06
1600,6.038400000000001e-06
