Wavelength (nm),Current (A)
1400,5.492800000000001e-06
1450,4.9088e-06
1500,4.788800000000001e-06
1550,5.472000000000002e-06
1600,5.987200000000002e-06
