Wavelength (nm),Current (A)
1400,5.356800000000002e-06
1450,5.617600000000001e-06
1500,5.286400000000002e-06
1550,5.588800000000001e-06
1600,4.958400000000001e-06
