Wavelength (nm),Current (A)
1400,5.088000000000001e-06
1450,5.6560000000000006e-06
1500,5.131200000000002e-06
1550,5.200000000000001e-06
1600,4.998400000000001e-06
