Wavelength (nm),Current (A)
1400,5.379200000000001e-06
1450,5.707200000000002e-06
1500,4.827200000000001e-06
1550,4.862400000000001e-06
1600,5.3008e-06
