Wavelength (nm),Current (A)
1400,5.3392000000000005e-06
1450,5.766400000000001e-06
1500,5.729600000000002e-06
1550,5.1248000000000005e-06
1600,5.809600000000002e-06
