Wavelength (nm),Current (A)
1400,6.822400000000002e-06
1450,5.017600000000001e-06
1500,5.382400000000001e-06
1550,5.4192000000000006e-06
1600,5.8368000000000014e-06
