Wavelength (nm),Current (A)
1400,5.236800000000001e-06
1450,5.827200000000001e-06
1500,5.7232000000000005e-06
1550,5.7472000000000015e-06
1600,5.6736e-06
