Wavelength (nm),Current (A)
1400,6.116800000000002e-06
1450,5.672e-06
1500,5.750400000000001e-06
1550,5.584000000000001e-06
1600,5.1840000000000015e-06
