Wavelength (nm),Current (A)
1400,4.924800000000001e-06
1450,5.654400000000001e-06
1500,5.862400000000002e-06
1550,6.0752000000000016e-06
1600,6.105600000000001e-06
