Wavelength (nm),Current (A)
1400,6.1280000000000005e-06
1450,5.600000000000001e-06
1500,5.944000000000001e-06
1550,5.275200000000002e-06
1600,4.937600000000001e-06
