Wavelength (nm),Current (A)
1400,4.912000000000001e-06
1450,5.059200000000002e-06
1500,5.120000000000001e-06
1550,5.795200000000002e-06
1600,5.976000000000001e-06
