Wavelength (nm),Current (A)
1400,5.891200000000001e-06
1450,4.668800000000001e-06
1500,5.416e-06
1550,5.364800000000001e-06
1600,6.089600000000002e-06
