Wavelength (nm),Current (A)
1400,4.732800000000001e-06
1450,5.9728000000000015e-06
1500,6.134400000000002e-06
1550,4.814400000000001e-06
1600,5.32e-06
