Wavelength (nm),Current (A)
1400,5.220800000000001e-06
1450,5.507200000000001e-06
1500,4.9952e-06
1550,5.1504000000000015e-06
1600,5.3840000000000005e-06
