Wavelength (nm),Current (A)
1400,5.840000000000002e-06
1450,5.3488e-06
1500,5.449600000000001e-06
1550,4.6960000000000004e-06
1600,5.683200000000001e-06
