Wavelength (nm),Current (A)
1400,5.532800000000001e-06
1450,5.326400000000001e-06
1500,5.809600000000002e-06
1550,5.760000000000002e-06
1600,4.876800000000001e-06
