Wavelength (nm),Current (A)
1480,6.4392e-05
1500,5.9348e-05
1520,7.36e-05
1540,7.012800000000002e-05
1560,7.429600000000001e-05
1580,6.338400000000002e-05
