Wavelength (nm),Current (A)
1480,5.810800000000001e-05
1500,6.6248e-05
1520,5.572000000000001e-05
1540,7.068400000000002e-05
1560,7.178000000000001e-05
1580,6.442800000000001e-05
