Wavelength (nm),Current (A)
1480,6.597200000000001e-05
1500,6.879600000000001e-05
1520,6.3416e-05
1540,7.265200000000001e-05
1560,7.1024e-05
1580,7.334400000000001e-05
