Wavelength (nm),Current (A)
1480,6.7748e-05
1500,6.640000000000001e-05
1520,5.6036000000000004e-05
1540,5.046400000000001e-05
1560,6.511200000000001e-05
1580,7.110400000000002e-05
