Wavelength (nm),Current (A)
1480,6.986400000000001e-05
1500,6.432800000000001e-05
1520,7.368e-05
1540,6.228000000000001e-05
1560,6.723200000000001e-05
1580,6.600800000000001e-05
