Wavelength (nm),Current (A)
1480,6.418000000000001e-05
1500,6.563200000000001e-05
1520,6.5556e-05
1540,7.3576e-05
1560,5.9844000000000005e-05
1580,7.484000000000001e-05
