Wavelength (nm),Current (A)
1480,6.2072e-05
1500,7.002800000000001e-05
1520,7.002800000000001e-05
1540,6.6256e-05
1560,6.434800000000001e-05
1580,6.124800000000001e-05
