Wavelength (nm),Current (A)
1480,6.8944e-05
1500,6.3528e-05
1520,6.9e-05
1540,6.847200000000002e-05
1560,5.571200000000001e-05
1580,7.2048e-05
