Wavelength (nm),Current (A)
1480,6.4788e-05
1500,6.486e-05
1520,5.8104000000000005e-05
1540,6.4788e-05
1560,6.2712e-05
1580,5.268800000000001e-05
