Wavelength (nm),Current (A)
1480,6.410400000000001e-05
1500,6.692e-05
1520,5.4600000000000006e-05
1540,5.583200000000001e-05
1560,6.6364e-05
1580,6.684800000000001e-05
