Wavelength (nm),Current (A)
1480,6.0860000000000003e-05
1500,7.6772e-05
1520,7.061200000000001e-05
1540,5.5500000000000014e-05
1560,6.1108e-05
1580,6.4396e-05
