Wavelength (nm),Current (A)
1480,7.1588e-05
1500,6.490800000000001e-05
1520,6.215600000000002e-05
1540,7.3204e-05
1560,5.5472000000000014e-05
1580,5.9556000000000004e-05
