Wavelength (nm),Current (A)
1480,5.819600000000001e-05
1500,6.125600000000001e-05
1520,7.056400000000001e-05
1540,6.7496e-05
1560,5.530000000000001e-05
1580,6.374399999999999e-05
