Wavelength (nm),Current (A)
1480,5.3564000000000004e-05
1500,6.9564e-05
1520,6.2084e-05
1540,5.9804000000000005e-05
1560,7.602800000000001e-05
1580,6.8224e-05
