Wavelength (nm),Current (A)
1480,5.988800000000001e-05
1500,7.8224e-05
1520,6.638400000000002e-05
1540,6.87e-05
1560,7.5328e-05
1580,5.7740000000000006e-05
