Wavelength (nm),Current (A)
1480,7.699200000000001e-05
1500,6.4004e-05
1520,6.5412e-05
1540,7.128e-05
1560,6.336800000000001e-05
1580,5.819600000000001e-05
