Wavelength (nm),Current (A)
1480,6.841200000000001e-05
1500,6.69e-05
1520,7.907599999999999e-05
1540,7.0904e-05
1560,5.644800000000001e-05
1580,5.4180000000000006e-05
