Wavelength (nm),Current (A)
1400,1.8039999999999997e-05
1450,1.7286399999999994e-05
1500,1.2454399999999995e-05
1550,1.8500799999999994e-05
1600,1.7764799999999993e-05
