Wavelength (nm),Current (A)
1400,1.6244799999999997e-05
1450,1.5647999999999997e-05
1500,1.1692799999999998e-05
1550,1.6214399999999995e-05
1600,1.5409599999999996e-05
