Wavelength (nm),Current (A)
1480,7.4548e-05
1500,5.734e-05
1520,6.780800000000001e-05
1540,6.8256e-05
1560,6.864000000000001e-05
1580,7.330000000000002e-05
