Wavelength (nm),Current (A)
1480,6.301200000000001e-05
1500,7.292799999999999e-05
1520,5.4524000000000015e-05
1540,5.8028e-05
1560,8.181200000000001e-05
1580,7.012400000000001e-05
