Wavelength (nm),Current (A)
1480,7.272400000000002e-05
1500,7.3076e-05
1520,6.068e-05
1540,6.456400000000001e-05
1560,6.97e-05
1580,6.276e-05
