Wavelength (nm),Current (A)
1480,6.754000000000001e-05
1500,6.2796e-05
1520,6.862e-05
1540,7.168800000000002e-05
1560,6.6676e-05
1580,6.3384e-05
