Wavelength (nm),Current (A)
1480,6.718e-05
1500,6.1432e-05
1520,6.511200000000001e-05
1540,6.4748e-05
1560,7.3024e-05
1580,8.291600000000002e-05
