Wavelength (nm),Current (A)
1480,6.4636e-05
1500,6.025200000000001e-05
1520,5.7680000000000003e-05
1540,6.498800000000002e-05
1560,8.029599999999999e-05
1580,5.9232e-05
