Wavelength (nm),Current (A)
1480,6.768400000000001e-05
1500,6.426400000000002e-05
1520,7.070800000000001e-05
1540,6.8024e-05
1560,6.107600000000001e-05
1580,6.319600000000001e-05
