Wavelength (nm),Current (A)
1480,6.2724e-05
1500,5.7360000000000006e-05
1520,8.3368e-05
1540,6.3292e-05
1560,7.7888e-05
1580,7.108800000000001e-05
