Wavelength (nm),Current (A)
1480,5.204e-05
1500,6.9608e-05
1520,6.040399999999999e-05
1540,6.4528e-05
1560,7.447200000000001e-05
1580,6.724000000000001e-05
