Wavelength (nm),Current (A)
1480,7.2944e-05
1500,6.361600000000001e-05
1520,6.3624e-05
1540,6.089200000000001e-05
1560,6.309200000000001e-05
1580,7.457600000000001e-05
