Wavelength (nm),Current (A)
1400,1.27072e-05
1450,1.16624e-05
1500,9.7056e-06
1550,1.2558399999999998e-05
1600,1.30704e-05
