Wavelength (nm),Current (A)
1400,1.25952e-05
1450,1.2281599999999998e-05
1500,9.915200000000001e-06
1550,1.17904e-05
1600,1.1427199999999998e-05
