Wavelength (nm),Current (A)
1400,9.900800000000002e-06
1450,1.02672e-05
1500,8.809600000000001e-06
1550,1.12112e-05
1600,1.05824e-05
