Wavelength (nm),Current (A)
1400,9.5296e-06
1450,8.3312e-06
1500,7.400000000000001e-06
1550,8.465600000000002e-06
1600,9.7584e-06
