Wavelength (nm),Current (A)
1400,8.896000000000001e-06
1450,8.086400000000001e-06
1500,7.406400000000001e-06
1550,7.840000000000001e-06
1600,9.216e-06
