Wavelength (nm),Current (A)
1400,7.164800000000001e-06
1450,7.4592000000000005e-06
1500,6.366400000000001e-06
1550,6.4352000000000015e-06
1600,7.3392000000000025e-06
