Wavelength (nm),Current (A)
1400,6.001600000000001e-06
1450,6.0128e-06
1500,6.384000000000001e-06
1550,6.534400000000001e-06
1600,6.491200000000001e-06
