Wavelength (nm),Current (A)
1400,6.924800000000001e-06
1450,5.6096e-06
1500,6.678400000000002e-06
1550,6.2080000000000005e-06
1600,6.097600000000001e-06
