Wavelength (nm),Current (A)
1400,7.003200000000002e-06
1450,7.9424e-06
1500,7.016000000000001e-06
1550,7.696000000000002e-06
1600,7.065600000000001e-06
