Wavelength (nm),Current (A)
1400,8.1904e-06
1450,7.8128e-06
1500,7.289600000000002e-06
1550,7.750400000000001e-06
1600,8.110400000000001e-06
