Wavelength (nm),Current (A)
1400,7.7856e-06
1450,7.752000000000001e-06
1500,7.408000000000001e-06
1550,8.432e-06
1600,7.9456e-06
