Wavelength (nm),Current (A)
1400,7.302400000000001e-06
1450,7.6192000000000015e-06
1500,7.3408e-06
1550,7.9632e-06
1600,8.144000000000002e-06
